{"cameraMode":{"drawMode":0,"name":"Shaded","section":"Shading Mode"},"sceneLighting":false,"audioPlay":false,"sceneViewState":{"m_AlwaysRefresh":false,"showFog":true,"showSkybox":false,"showFlares":true,"showImageEffects":true,"showParticleSystems":true,"showVisualEffectGraphs":true,"m_FxEnabled":true},"in2DMode":false,"pivot":{"x":0.4000000059604645,"y":1.7000000476837159,"z":-1.100000023841858},"rotation":{"x":-0.01844421774148941,"y":0.6992025971412659,"z":-0.01805019937455654,"w":-0.7144706845283508},"size":0.06062173843383789,"orthographic":false}